title,description,content,url,published_at,source,textblob_analysis,vader_analysis,consensus_sentiment,confidence_score,analysis_timestamp,sentiment_score,publication_date
Nouvelle-Calédonie : l’accord « historique » sur l’avenir de l’archipel au bord du naufrage,"Le principal parti indépendantiste a rejeté l’accord signé le 12 juillet à Bougival, en banlieue parisienne, plongeant à nouveau l’archipel dans l’incertitude. Les partisans du texte placent un maigre espoir dans le congrès du Front de libération kanak socialiste prévu le 9 août et qui aura le dernier mot.","Emmanuel Macron, Robert Xowie, sénateur de Nouvelle-Calédonie, et Emmanuel Tjibaou, député et  président de l’Union calédonienne, lors de la conclusion du Sommet pour l’avenir de la Nouvelle-Calédonie, à Paris, le 12 juillet 2025.",https://www.lemonde.fr/politique/article/2025/08/01/nouvelle-caledonie-l-accord-historique-sur-l-avenir-de-l-archipel-au-bord-du-naufrage_6626004_823448.html,"Fri, 01 Aug 2025 09:05:56 +0200",Le Monde.fr - Actualités et Infos en France et dans le monde,"{'method': 'TextBlob', 'polarity': 0.0, 'subjectivity': 0.0, 'sentiment': 'neutral', 'confidence': 0.0}","{'method': 'VADER', 'compound': 0.0, 'positive': 0.0, 'negative': 0.0, 'neutral': 1.0, 'sentiment': 'neutral', 'confidence': 0.0}",neutral,0.0,2025-08-01T09:36:15.248018,0.0,2025-08-01 09:05:56+02:00
"Ce qui change le 1ᵉʳ août pour votre budget et votre épargne : Livret A, allocation de rentrée scolaire, remboursement des impôts, gaz, électricité","La rémunération du Livret A, du LDDS et du LEP baissera, tandis que l’abonnement au gaz ou à l’électricité augmentera.","La rémunération du livret A, du LDDS et du LEP va baisser tandis que l’abonnement au gaz ou à l’électricité augmente.",https://www.lemonde.fr/argent/article/2025/08/01/livret-a-allocation-de-rentree-scolaire-remboursement-des-impots-gaz-electricite-ce-qui-change-le-1-aout-pour-votre-budget-et-votre-epargne_6625856_1657007.html,"Fri, 01 Aug 2025 05:00:06 +0200",Le Monde.fr - Actualités et Infos en France et dans le monde,"{'method': 'TextBlob', 'polarity': 0.0, 'subjectivity': 0.0, 'sentiment': 'neutral', 'confidence': 0.0}","{'method': 'VADER', 'compound': 0.0, 'positive': 0.0, 'negative': 0.0, 'neutral': 1.0, 'sentiment': 'neutral', 'confidence': 0.0}",neutral,0.0,2025-08-01T09:36:15.249018,0.0,2025-08-01 05:00:06+02:00
"En direct, guerre en Ukraine : le bilan des frappes russes sur Kiev dans la matinée de jeudi passe à 28 morts","Dix corps supplémentaires ont été extraits des décombres, « dont celui d’un enfant de 2 ans », a fait savoir le ministère de l’intérieur ukrainien. Donald Trump a jugé « écœurante » cette vague d’attaques russes qui a également fait plus de 150 blessés.","Un habitant, blessé, se tient devant son immeuble touché lors de frappes russes à Kiev, le 31 juillet 2025.",https://www.lemonde.fr/international/live/2025/08/01/en-direct-guerre-en-ukraine-le-bilan-des-frappes-russes-sur-kiev-dans-la-matinee-de-jeudi-passe-a-26-morts_6624528_3210.html,"Fri, 01 Aug 2025 06:50:49 +0200",Le Monde.fr - Actualités et Infos en France et dans le monde,"{'method': 'TextBlob', 'polarity': -0.2, 'subjectivity': 0.45, 'sentiment': 'negative', 'confidence': 0.2}","{'method': 'VADER', 'compound': -0.1027, 'positive': 0.0, 'negative': 0.021, 'neutral': 0.979, 'sentiment': 'negative', 'confidence': 0.1027}",negative,0.15135,2025-08-01T09:36:15.250018,-0.1027,2025-08-01 06:50:49+02:00
"Avec les nouvelles barrières douanières de Trump, le commerce mondial entre dans une nouvelle ère","En imposant des droits de douane à des dizaines de pays à partir du 7 août, les Etats-Unis, première économie mondiale, prennent un virage protectionniste fort. Dans le reste du monde, les échanges se régionalisent.","Donald Trump, lors de sa visite de l’usine Mon Valley Works-Irvin de la société U.S. Steel Corporation, à West Mifflin (Pennsylvanie), le 30 mai 2025.",https://www.lemonde.fr/economie/article/2025/08/01/avec-les-nouvelles-barrieres-douanieres-de-trump-le-commerce-mondial-entre-dans-une-nouvelle-ere_6625893_3234.html,"Fri, 01 Aug 2025 05:29:57 +0200",Le Monde.fr - Actualités et Infos en France et dans le monde,"{'method': 'TextBlob', 'polarity': 0.0, 'subjectivity': 0.0, 'sentiment': 'neutral', 'confidence': 0.0}","{'method': 'VADER', 'compound': 0.0, 'positive': 0.0, 'negative': 0.0, 'neutral': 1.0, 'sentiment': 'neutral', 'confidence': 0.0}",neutral,0.0,2025-08-01T09:36:15.251019,0.0,2025-08-01 05:29:57+02:00
"Au Salvador, une réforme constitutionnelle permet à Nayib Bukele de briguer un nombre illimité de mandats présidentiels","Le Parlement, dominé de façon écrasante par les partisans du chef de l’Etat, a aussi approuvé l’abolition du second tour de scrutin et l’allongement du mandat présidentiel de cinq à six ans. Le vote a suscité de vives réactions dans le pays, l’opposition dénonçant la « mort » de la démocratie.","La députée du parti d’opposition, l’Alliance républicaine nationaliste (Arena), Marcela Villatoro tient une pancarte sur laquelle est inscrit « La démocratie est morte aujourd’hui » lors d’une séance plénière du Congrès à San Salvador, le 31 juillet 2025.",https://www.lemonde.fr/international/article/2025/08/01/au-salvador-une-reforme-constitutionnelle-permet-a-nayib-bukele-de-briguer-un-nombre-illimite-de-mandats-presidentiels_6625903_3210.html,"Fri, 01 Aug 2025 06:43:25 +0200",Le Monde.fr - Actualités et Infos en France et dans le monde,"{'method': 'TextBlob', 'polarity': 0.0, 'subjectivity': 0.0, 'sentiment': 'neutral', 'confidence': 0.0}","{'method': 'VADER', 'compound': 0.0, 'positive': 0.0, 'negative': 0.0, 'neutral': 1.0, 'sentiment': 'neutral', 'confidence': 0.0}",neutral,0.0,2025-08-01T09:36:15.252019,0.0,2025-08-01 06:43:25+02:00
Le masque au Théâtre du Soleil ou l’oracle de l’âme,"« Le théâtre avance masqué » (5/6). « Le Monde » revient sur cet accessoire ancien qui dissimule le visage de l’acteur pour mieux révéler son personnage. Aujourd’hui, l’objet au cœur de plusieurs des spectacles d’Ariane Mnouchkine.","Lors d’une répétition du spectacle « Ici sont les dragons », d’Ariane Mnouchkine, le 8 novembre 2024.",https://www.lemonde.fr/series-d-ete/article/2025/08/01/le-masque-au-theatre-du-soleil-ou-l-oracle-de-l-ame_6625900_3451060.html,"Fri, 01 Aug 2025 06:00:24 +0200",Le Monde.fr - Actualités et Infos en France et dans le monde,"{'method': 'TextBlob', 'polarity': 0.0, 'subjectivity': 0.0, 'sentiment': 'neutral', 'confidence': 0.0}","{'method': 'VADER', 'compound': 0.0, 'positive': 0.0, 'negative': 0.0, 'neutral': 1.0, 'sentiment': 'neutral', 'confidence': 0.0}",neutral,0.0,2025-08-01T09:36:15.253019,0.0,2025-08-01 06:00:24+02:00
"En direct, Gaza : l’émissaire américain pour le Moyen-Orient attendu dans la bande de Gaza, vendredi, pour « inspecter les sites de distribution d’aide »","Steve Witkoff prévoit d’annoncer, à la suite de cette visite, un « plan final de distribution de nourriture et d’aide humanitaire dans la région » pour les habitants de Gaza, qui font face à une « famine généralisée » selon l’ONU, a affirmé la Maison Blanche.","Des Palestiniens montent sur les camions d’un convoi humanitaire se rendant dans la ville de Gaza alors que d’autres déchargent des sacs de farines, dans le nord de la bande de Gaza, le 31 juillet 2025.",https://www.lemonde.fr/international/live/2025/08/01/en-direct-gaza-l-emissaire-americain-pour-le-moyen-orient-attendu-dans-la-bande-de-gaza-vendredi-pour-inspecter-les-sites-de-distribution-d-aide_6624772_3210.html,"Fri, 01 Aug 2025 06:15:31 +0200",Le Monde.fr - Actualités et Infos en France et dans le monde,"{'method': 'TextBlob', 'polarity': 0.05, 'subjectivity': 0.7, 'sentiment': 'neutral', 'confidence': 0.05}","{'method': 'VADER', 'compound': 0.0, 'positive': 0.0, 'negative': 0.0, 'neutral': 1.0, 'sentiment': 'neutral', 'confidence': 0.0}",neutral,0.025,2025-08-01T09:36:15.254019,0.0,2025-08-01 06:15:31+02:00
"Toujours plus vite, toujours plus cher : le xénon à l’assaut de l’Everest","« Everest business » (5/6). En proposant d’accélérer la nécessaire acclimatation des corps au manque d’oxygène en altitude par une inhalation préalable du gaz, un anesthésiant sans effets secondaires, le guide autrichien Lukas Furtenbach rêve d’attirer sur le Toit du monde une clientèle encore plus riche et pressée.",,https://www.lemonde.fr/series-d-ete/article/2025/07/31/toujours-plus-vite-toujours-plus-cher-le-xenon-a-l-assaut-de-l-everest_6625781_3451060.html,"Thu, 31 Jul 2025 20:00:18 +0200",Le Monde.fr - Actualités et Infos en France et dans le monde,"{'method': 'TextBlob', 'polarity': 0.1, 'subjectivity': 0.4, 'sentiment': 'neutral', 'confidence': 0.1}","{'method': 'VADER', 'compound': 0.0, 'positive': 0.0, 'negative': 0.0, 'neutral': 1.0, 'sentiment': 'neutral', 'confidence': 0.0}",neutral,0.05,2025-08-01T09:36:15.255020,0.0,2025-07-31 20:00:18+02:00
Un rapport du gouvernement américain sur le climat accusé de déformer des études scientifiques,"Le document, publié le 29 juillet, expose les arguments qui ont conduit l’administration Trump à revenir, mardi, sur une décision-clé datant de 2009 pour la régulation des émissions de gaz à effet de serre, mettant encore un peu plus à mal la lutte contre le changement climatique aux Etats-Unis.","De la fumée s’élève des cheminées de la centrale à charbon Hugh L. Spurlock, à Mayville (Kentucky), le 12 juin 2025.",https://www.lemonde.fr/planete/article/2025/08/01/un-rapport-du-gouvernement-americain-sur-le-climat-accuse-de-deformer-des-etudes-scientifiques_6625821_3244.html,"Fri, 01 Aug 2025 02:16:16 +0200",Le Monde.fr - Actualités et Infos en France et dans le monde,"{'method': 'TextBlob', 'polarity': 0.0, 'subjectivity': 0.0, 'sentiment': 'neutral', 'confidence': 0.0}","{'method': 'VADER', 'compound': -0.5106, 'positive': 0.0, 'negative': 0.066, 'neutral': 0.934, 'sentiment': 'negative', 'confidence': 0.5106}",negative,0.2553,2025-08-01T09:36:15.256021,-0.5106,2025-08-01 02:16:16+02:00
"Au Brésil, le secteur de la culture renaît après les années noires de Bolsonaro","La réouverture du palais Capanema, l’un des joyaux architecturaux de Rio de Janeiro, est emblématique de la volonté du gouvernement de Lula de relancer le financement des projets culturels.","La fresque en mosaïque du palais Capanema, réalisée par Candido Portinari, à Rio de Janeiro (Brésil), le 20 mai 2025.",https://www.lemonde.fr/culture/article/2025/07/31/au-bresil-le-secteur-de-la-culture-renait-apres-les-annees-noires-de-bolsonaro_6625780_3246.html,"Thu, 31 Jul 2025 20:00:07 +0200",Le Monde.fr - Actualités et Infos en France et dans le monde,"{'method': 'TextBlob', 'polarity': 0.0, 'subjectivity': 0.0, 'sentiment': 'neutral', 'confidence': 0.0}","{'method': 'VADER', 'compound': 0.0, 'positive': 0.0, 'negative': 0.0, 'neutral': 1.0, 'sentiment': 'neutral', 'confidence': 0.0}",neutral,0.0,2025-08-01T09:36:15.257021,0.0,2025-07-31 20:00:07+02:00
Pollution aux PFAS : le gouvernement met en ligne des résultats d’analyses de l’eau concernant ces « polluants éternels »,"La publication permet notamment d’accéder à une carte de surveillance des PFAS dans les eaux souterraines, de surface ou distribuées au robinet, ainsi que dans les sites industriels.","Dans l’usine de production d’eau potable Eau de Paris à Orly (Val-de-Marne), le 21 mars 2024.",https://www.lemonde.fr/planete/article/2025/07/31/pollution-aux-pfas-le-gouvernement-met-en-ligne-des-resultats-d-analyses-de-l-eau-concernant-ces-polluants-eternels_6625787_3244.html,"Thu, 31 Jul 2025 21:58:54 +0200",Le Monde.fr - Actualités et Infos en France et dans le monde,"{'method': 'TextBlob', 'polarity': 0.0, 'subjectivity': 0.0, 'sentiment': 'neutral', 'confidence': 0.0}","{'method': 'VADER', 'compound': 0.0, 'positive': 0.0, 'negative': 0.0, 'neutral': 1.0, 'sentiment': 'neutral', 'confidence': 0.0}",neutral,0.0,2025-08-01T09:36:15.257021,0.0,2025-07-31 21:58:54+02:00
Oscars : la productrice Lynette Howell Taylor élue présidente de l’Académie,La Britannique de 46 ans succède à Janet Yang et devient la cinquième femme à prendre la tête de l’Académie des arts et des sciences du cinéma.,"La productrice Lynette Howell Taylor lors de la 96ᵉ cérémonie des Oscars, à Hollywood, le 10 mars 2024.",https://www.lemonde.fr/culture/article/2025/08/01/oscars-la-productrice-lynette-howell-taylor-elue-presidente-de-l-academie_6625854_3246.html,"Fri, 01 Aug 2025 04:27:36 +0200",Le Monde.fr - Actualités et Infos en France et dans le monde,"{'method': 'TextBlob', 'polarity': 0.0, 'subjectivity': 0.0, 'sentiment': 'neutral', 'confidence': 0.0}","{'method': 'VADER', 'compound': 0.0, 'positive': 0.0, 'negative': 0.0, 'neutral': 1.0, 'sentiment': 'neutral', 'confidence': 0.0}",neutral,0.0,2025-08-01T09:36:15.258021,0.0,2025-08-01 04:27:36+02:00
"Aux Etats-Unis, la campagne d’expulsions massive de migrants tourne à plein régime","Six mois après son arrivée au pouvoir, Donald Trump se félicite que la police de l’immigration ait arrêté plus de 100 000 étrangers sans papiers. Alors que les centres de rétention sont surpeuplés, les sondages montrent que la majorité des Américains n’en demandaient pas tant.","Des détenus, vus d’un hélicoptère, au centre de détention de Krome, à Miami (Floride), le 4 juillet 2025, forment un « SOS », à l’image de manifestations similaires ayant eu lieu ces dernières semaines.",https://www.lemonde.fr/international/article/2025/07/31/aux-etats-unis-la-campagne-d-expulsions-massive-de-migrants-tourne-a-plein-regime_6625756_3210.html,"Thu, 31 Jul 2025 17:00:09 +0200",Le Monde.fr - Actualités et Infos en France et dans le monde,"{'method': 'TextBlob', 'polarity': 0.0, 'subjectivity': 1.0, 'sentiment': 'neutral', 'confidence': 0.0}","{'method': 'VADER', 'compound': 0.0, 'positive': 0.0, 'negative': 0.0, 'neutral': 1.0, 'sentiment': 'neutral', 'confidence': 0.0}",neutral,0.0,2025-08-01T09:36:15.259021,0.0,2025-07-31 17:00:09+02:00
"La pomme de terre a pour ancêtre… la tomate, révèle une nouvelle étude","Une équipe internationale a publié, le 31 juillet, dans la revue de biologie « Cell », une surprenante découverte : l’apparition de tubercules chez l’ancêtre de la pomme de terre, il y a 9 millions d’années, est née d’une hybridation avec un pied de tomate sauvage.","« Solanum etuberosum » à Linares, au Chili,  en 2021",https://www.lemonde.fr/sciences/article/2025/07/31/la-pomme-de-terre-a-pour-ancetre-la-tomate-selon-une-etude-recente_6625772_1650684.html,"Thu, 31 Jul 2025 18:54:55 +0200",Le Monde.fr - Actualités et Infos en France et dans le monde,"{'method': 'TextBlob', 'polarity': 0.0, 'subjectivity': 0.0, 'sentiment': 'neutral', 'confidence': 0.0}","{'method': 'VADER', 'compound': 0.0, 'positive': 0.0, 'negative': 0.0, 'neutral': 1.0, 'sentiment': 'neutral', 'confidence': 0.0}",neutral,0.0,2025-08-01T09:36:15.260021,0.0,2025-07-31 18:54:55+02:00
L’énorme chèque de bienvenue de Luca de Meo chez Kering,"L’ancien patron de Renault pourrait se voir verser un bonus de 20 millions d’euros pour son arrivée dans le groupe de luxe, ainsi qu’une rémunération annuelle fixe de 2,2 millions d’euros.","L’ancien patron de Renault et futur directeur général du groupe Kering, Luca de Meo, au salon VivaTech, à Paris, le 11 juin 2025.",https://www.lemonde.fr/economie/article/2025/07/31/l-enorme-cheque-de-bienvenue-de-luca-de-meo-chez-kering_6625762_3234.html,"Thu, 31 Jul 2025 17:50:57 +0200",Le Monde.fr - Actualités et Infos en France et dans le monde,"{'method': 'TextBlob', 'polarity': 0.0, 'subjectivity': 0.0, 'sentiment': 'neutral', 'confidence': 0.0}","{'method': 'VADER', 'compound': 0.5423, 'positive': 0.08, 'negative': 0.0, 'neutral': 0.92, 'sentiment': 'positive', 'confidence': 0.5423}",positive,0.27115,2025-08-01T09:36:15.261021,0.5423,2025-07-31 17:50:57+02:00
Le metteur en scène Robert Wilson est mort,"Celui qui a fait exploser l’idée de spectacle avec « Le Regard du sourd », créé en 1970, et renouvelé la conception de l’opéra grâce à « Einstein on the Beach » est mort le 31 juillet, à l’âge de 83 ans. L’artiste mythique laisse une œuvre indissociable de sa vie.","Robert Wilson à l’Opéra Bastille, à Paris, le 22 novembre 2021.",https://www.lemonde.fr/disparitions/article/2025/07/31/le-metteur-en-scene-robert-wilson-est-mort_6625776_3382.html,"Thu, 31 Jul 2025 19:52:33 +0200",Le Monde.fr - Actualités et Infos en France et dans le monde,"{'method': 'TextBlob', 'polarity': 0.0, 'subjectivity': 0.0, 'sentiment': 'neutral', 'confidence': 0.0}","{'method': 'VADER', 'compound': 0.0, 'positive': 0.0, 'negative': 0.0, 'neutral': 1.0, 'sentiment': 'neutral', 'confidence': 0.0}",neutral,0.0,2025-08-01T09:36:15.262021,0.0,2025-07-31 19:52:33+02:00
« Baby shower » : quand le fumigène est défectueux,Une femme enceinte se brûle la main en voulant faire sortir la fumée rose.,"La « baby shower » est une fête prénatale, la future mère révèle le sexe de son enfant à des amis. parfois, elle utilise pour ce faire des fumigènes à main.",https://www.lemonde.fr/argent/article/2025/08/01/baby-shower-quand-le-fumigene-est-defectueux_6625898_1657007.html,"Fri, 01 Aug 2025 06:00:07 +0200",Le Monde.fr - Actualités et Infos en France et dans le monde,"{'method': 'TextBlob', 'polarity': 0.3833333333333333, 'subjectivity': 0.6416666666666666, 'sentiment': 'positive', 'confidence': 0.3833333333333333}","{'method': 'VADER', 'compound': 0.0, 'positive': 0.0, 'negative': 0.0, 'neutral': 1.0, 'sentiment': 'neutral', 'confidence': 0.0}",positive,0.19166666666666665,2025-08-01T09:36:15.262021,0.0,2025-08-01 06:00:07+02:00
Les Nuits des étoiles à partir de vendredi et durant le week-end en France,"Les 568 événements de la 35ᵉ édition des Nuits des étoiles, animés par 3 000 bénévoles dans les clubs, associations et centres d’astronomie, seront l’occasion de profiter du ciel d’été.","Lors de la « Nuits des étoiles »,  à Fontainebleau (Seine-et-Marne),  le 13 août 2023.",https://www.lemonde.fr/planete/article/2025/07/31/les-nuits-des-etoiles-a-partir-de-vendredi-et-durant-le-week-end-en-france_6625785_3244.html,"Thu, 31 Jul 2025 20:57:41 +0200",Le Monde.fr - Actualités et Infos en France et dans le monde,"{'method': 'TextBlob', 'polarity': 0.0, 'subjectivity': 0.0, 'sentiment': 'neutral', 'confidence': 0.0}","{'method': 'VADER', 'compound': 0.1779, 'positive': 0.038, 'negative': 0.0, 'neutral': 0.962, 'sentiment': 'positive', 'confidence': 0.1779}",positive,0.08895,2025-08-01T09:36:15.263022,0.1779,2025-07-31 20:57:41+02:00
Immobilier : une mauvaise nouvelle se prépare pour les futurs propriétaires,DÉCRYPTAGE - La remontée des taux de crédit n’est pas la seule ombre qui menace les emprunteurs immobiliers pour la rentrée. Ils devront aussi être vigilants en matière de fiscalité.,Septembre 2025 : la rentrée de tous les dangers pour les emprunteurs immobiliers.,https://www.lefigaro.fr/argent/immobilier-une-mauvaise-nouvelle-se-prepare-pour-les-futurs-proprietaires-20250801,"Fri, 01 Aug 2025 07:00:00 +0200",Le Figaro - Actualité en direct et informations en continu,"{'method': 'TextBlob', 'polarity': 0.0, 'subjectivity': 0.0, 'sentiment': 'neutral', 'confidence': 0.0}","{'method': 'VADER', 'compound': -0.4939, 'positive': 0.0, 'negative': 0.074, 'neutral': 0.926, 'sentiment': 'negative', 'confidence': 0.4939}",negative,0.24695,2025-08-01T09:36:15.263022,-0.4939,2025-08-01 07:00:00+02:00
"Même inhabitable, un bien immobilier n’échappe pas à la taxe sur les logements vacants","Le Conseil d’État vient de confirmer que le simple fait qu’un bien soit inhabitable ne l’empêche pas forcément d’être assujetti à la taxe sur les logements vacants. Et ce, peu importe si le bien immobilier en jeu n’est autre que la «villa Hier», somptueuse propriété du cap d’Antibes, déjà cœur de plusieurs scandales de fraude fiscale.",Taxe sur les logements vacants : la luxueuse villa d’Antibes de nouveau dans la tourmente,https://leparticulier.lefigaro.fr/jcms/c_113075/impots/meme-inhabitable-un-bien-immobilier-n-echappe-pas-a-la-taxe-sur-les-logements-vacants-20250801,"Fri, 01 Aug 2025 08:07:40 +0200",Le Figaro - Actualité en direct et informations en continu,"{'method': 'TextBlob', 'polarity': 0.0, 'subjectivity': 0.35714285714285715, 'sentiment': 'neutral', 'confidence': 0.0}","{'method': 'VADER', 'compound': 0.0, 'positive': 0.0, 'negative': 0.0, 'neutral': 1.0, 'sentiment': 'neutral', 'confidence': 0.0}",neutral,0.0,2025-08-01T09:36:15.264022,0.0,2025-08-01 08:07:40+02:00
Guerre en Ukraine : Donald Trump juge «écœurante» la dernière vague de frappes russes et réitère ses menaces de sanctions,"Le président américain a confirmé jeudi qu’il allait bien prendre des sanctions contre la Russie, déclarant : «Je ne sais pas si cela va avoir un impact, mais nous allons le faire.»",Le président américain Donald Trump en juillet 2025.,https://www.lefigaro.fr/international/guerre-en-ukraine-donald-trump-juge-ecoeurante-la-derniere-vague-de-frappes-russes-et-reitere-ses-menaces-de-sanctions-20250801,"Fri, 01 Aug 2025 08:29:28 +0200",Le Figaro - Actualité en direct et informations en continu,"{'method': 'TextBlob', 'polarity': -0.5, 'subjectivity': 0.5, 'sentiment': 'negative', 'confidence': 0.5}","{'method': 'VADER', 'compound': -0.1027, 'positive': 0.0, 'negative': 0.027, 'neutral': 0.973, 'sentiment': 'negative', 'confidence': 0.1027}",negative,0.30135,2025-08-01T09:36:15.265022,-0.1027,2025-08-01 08:29:28+02:00
Guerre en Ukraine : un officier de l’armée de l’air ukrainienne accusé de livrer la position de F-16 et de Mirage 2000 à la Russie,"L’officier ukrainien, un instructeur de vol ayant le grade de major, est même suspecté d’avoir suggéré des tactiques d’attaque pour contourner les défenses aériennes et avoir fourni des tactiques de combat utilisées par Kiev.",Les positions d’avions de chasse F-16 livrés par les Occidentaux auraient été dévoilées par un officier de l’armée ukrainienne.,https://www.lefigaro.fr/international/guerre-en-ukraine-un-officier-de-l-armee-de-l-air-ukrainienne-accuse-de-livrer-la-position-de-f-16-et-de-mirage-2000-a-la-russie-20250731,"Thu, 31 Jul 2025 22:54:21 +0200",Le Figaro - Actualité en direct et informations en continu,"{'method': 'TextBlob', 'polarity': 0.0625, 'subjectivity': 0.5, 'sentiment': 'neutral', 'confidence': 0.0625}","{'method': 'VADER', 'compound': -0.34, 'positive': 0.0, 'negative': 0.04, 'neutral': 0.96, 'sentiment': 'negative', 'confidence': 0.34}",negative,0.20125,2025-08-01T09:36:15.266022,-0.34,2025-07-31 22:54:21+02:00
"Droits de douane : Donald Trump a signé le décret augmentant les taxes pour des dizaines de pays, l’application reportée au 7 août","Ces nouvelles taxes s’échelonnent de 10% à 41%. Comme prévu, l’Union européenne, le Japon ou la Corée du Sud se voient appliquer une augmentation de 15%. Leur entrée en vigueur serait toutefois reportée au 7 août, afin de permettre aux douanes de s’organiser.",Le président américain Donald Trump.,https://www.lefigaro.fr/conjoncture/trump-signe-le-decret-augmentant-les-droits-de-douane-pour-des-dizaines-de-pays-20250801,"Fri, 01 Aug 2025 07:33:49 +0200",Le Figaro - Actualité en direct et informations en continu,"{'method': 'TextBlob', 'polarity': 0.0, 'subjectivity': 0.0, 'sentiment': 'neutral', 'confidence': 0.0}","{'method': 'VADER', 'compound': 0.0, 'positive': 0.0, 'negative': 0.0, 'neutral': 1.0, 'sentiment': 'neutral', 'confidence': 0.0}",neutral,0.0,2025-08-01T09:36:15.267023,0.0,2025-08-01 07:33:49+02:00
"Droits de douane : les États-Unis ont récolté 87 milliards de dollars en six mois, davantage que sur toute l’année 2024","Les données du Trésor américain montrent une hausse spectaculaire depuis avril 2025, quand Donald Trump a lancé sa vaste guerre commerciale.","Le président américain, Donald Trump.",https://www.lefigaro.fr/conjoncture/droits-de-douane-les-etats-unis-ont-recolte-87-milliards-de-dollars-en-six-mois-davantage-que-sur-toute-l-annee-2024-20250731,"Thu, 31 Jul 2025 15:40:49 +0200",Le Figaro - Actualité en direct et informations en continu,"{'method': 'TextBlob', 'polarity': 0.0, 'subjectivity': 0.0, 'sentiment': 'neutral', 'confidence': 0.0}","{'method': 'VADER', 'compound': 0.0, 'positive': 0.0, 'negative': 0.0, 'neutral': 1.0, 'sentiment': 'neutral', 'confidence': 0.0}",neutral,0.0,2025-08-01T09:36:15.268023,0.0,2025-07-31 15:40:49+02:00
"Droits de douane : la Suisse durement touchée, des industriels exhortent le gouvernement à négocier",Le président américain Donald Trump a signé jeudi soir un décret imposant une hausse des droits de douane pour des dizaines de pays dans le monde. La Suisse est frappée d’une surtaxe punitive de 39%.,"L’association professionnelle des PME du secteur mécanique, électrique et des métaux appelle le gouvernement suisse à poursuivre les négociations avec Washington.",https://www.lefigaro.fr/conjoncture/droits-de-douane-la-suisse-durement-touchee-des-industriels-exhortent-le-gouvernement-a-negocier-20250801,"Fri, 01 Aug 2025 07:34:25 +0200",Le Figaro - Actualité en direct et informations en continu,"{'method': 'TextBlob', 'polarity': 0.0, 'subjectivity': 0.0, 'sentiment': 'neutral', 'confidence': 0.0}","{'method': 'VADER', 'compound': -0.5106, 'positive': 0.0, 'negative': 0.063, 'neutral': 0.937, 'sentiment': 'negative', 'confidence': 0.5106}",negative,0.2553,2025-08-01T09:36:15.269023,-0.5106,2025-08-01 07:34:25+02:00
Accord entre l’UE et les États-Unis : François Bayrou juge que la France a été «un peu seule»,Le premier ministre a assuré que les «États auront d’une manière ou d’une autre leur mot à dire» sur cet accord.,Le premier ministre François Bayrou.,https://www.lefigaro.fr/politique/accord-entre-l-ue-et-les-etats-unis-francois-bayrou-juge-que-la-france-a-ete-un-peu-seule-20250731,"Thu, 31 Jul 2025 18:48:47 +0200",Le Figaro - Actualité en direct et informations en continu,"{'method': 'TextBlob', 'polarity': 0.0, 'subjectivity': 0.0, 'sentiment': 'neutral', 'confidence': 0.0}","{'method': 'VADER', 'compound': 0.0, 'positive': 0.0, 'negative': 0.0, 'neutral': 1.0, 'sentiment': 'neutral', 'confidence': 0.0}",neutral,0.0,2025-08-01T09:36:15.269023,0.0,2025-07-31 18:48:47+02:00
Du BEP climatisation à un chiffre d’affaires de 200 millions : la success-story du fondateur d’American Vintage,"Après des débuts hésitants, la marque créée à Marseille par Michaël Azoulay a rencontré le succès dans le monde entier. Pourtant son créateur a connu des débuts difficiles.","«Jusqu’en troisième, j’étais bon élève, confie Michaël Azoulay. Ensuite, j’ai fait des bêtises, j’étais arrogant pour attirer l’attention».",https://www.lefigaro.fr/entrepreneur/du-bep-climatisation-a-un-chiffre-d-affaires-de-200-millions-la-success-story-du-fondateur-d-american-vintage-20250801,"Fri, 01 Aug 2025 06:00:00 +0200",Le Figaro - Actualité en direct et informations en continu,"{'method': 'TextBlob', 'polarity': 0.0, 'subjectivity': 0.0, 'sentiment': 'neutral', 'confidence': 0.0}","{'method': 'VADER', 'compound': 0.0, 'positive': 0.0, 'negative': 0.0, 'neutral': 1.0, 'sentiment': 'neutral', 'confidence': 0.0}",neutral,0.0,2025-08-01T09:36:15.270023,0.0,2025-08-01 06:00:00+02:00
"Baisse du taux du livret A, hausse des prix du gaz, allocation de rentrée scolaire… Ce qui change en août 2025","Ce 1er août, de nouvelles réformes vont entrer en vigueur, comme chaque mois. Le Figaro fait le point.","Jusqu’au 1er août, le taux de TVA sur l’abonnement au gaz et à l’électricité était réduit à 5,5%, tandis que celui sur la consommation était de 20%. À partir de cette date, la TVA sur les abonnements va augmenter pour passer, lui aussi à 20%.",https://www.lefigaro.fr/conjoncture/baisse-du-taux-du-livret-a-hausse-des-prix-du-gaz-allocation-de-rentree-scolaire-ce-qui-change-en-aout-2025-20250729,"Tue, 29 Jul 2025 07:00:00 +0200",Le Figaro - Actualité en direct et informations en continu,"{'method': 'TextBlob', 'polarity': 0.0, 'subjectivity': 0.0, 'sentiment': 'neutral', 'confidence': 0.0}","{'method': 'VADER', 'compound': 0.0, 'positive': 0.0, 'negative': 0.0, 'neutral': 1.0, 'sentiment': 'neutral', 'confidence': 0.0}",neutral,0.0,2025-08-01T09:36:15.271023,0.0,2025-07-29 07:00:00+02:00
Nouvelle baisse du Livret A : calculez le manque à gagner pour 2025 grâce à notre simulateur,"INFOGRAPHIES – Après un premier repli de 3% à 2,4% en février, le taux du Livret A connaît une nouvelle baisse ce vendredi et n’est plus que de 1,7%. Quel sera l’impact pour ses 58 millions de détenteurs ?","En 2024, 83% des Français possédaient un Livret A.",https://www.lefigaro.fr/conjoncture/nouvelle-baisse-du-livret-a-calculez-le-manque-a-gagner-pour-2025-grace-a-notre-simulateur-20250801,"Fri, 01 Aug 2025 07:41:00 +0200",Le Figaro - Actualité en direct et informations en continu,"{'method': 'TextBlob', 'polarity': 0.1, 'subjectivity': 0.4, 'sentiment': 'neutral', 'confidence': 0.1}","{'method': 'VADER', 'compound': 0.0, 'positive': 0.0, 'negative': 0.0, 'neutral': 1.0, 'sentiment': 'neutral', 'confidence': 0.0}",neutral,0.05,2025-08-01T09:36:15.272023,0.0,2025-08-01 07:41:00+02:00
Hausse de la TVA sur l’électricité et le gaz : les factures vont-elles flamber au 1er août ?,"DÉCRYPTAGE - Pour se conformer aux normes de l’Union européenne, le gouvernement va relever de 5,5% à 20% la TVA sur les abonnements énergétiques. Une hausse compensée en partie par la baisse des tarifs de consommation.","Le gouvernement va relever de 5,5% à 20% la TVA sur les abonnements au gaz et à l’électricité.",https://www.lefigaro.fr/conso/hausse-de-la-tva-sur-l-electricite-et-le-gaz-les-factures-vont-elles-flamber-au-1er-aout-20250731,"Thu, 31 Jul 2025 18:41:25 +0200",Le Figaro - Actualité en direct et informations en continu,"{'method': 'TextBlob', 'polarity': 0.0, 'subjectivity': 0.0, 'sentiment': 'neutral', 'confidence': 0.0}","{'method': 'VADER', 'compound': 0.0, 'positive': 0.0, 'negative': 0.0, 'neutral': 1.0, 'sentiment': 'neutral', 'confidence': 0.0}",neutral,0.0,2025-08-01T09:36:15.272023,0.0,2025-07-31 18:41:25+02:00
Impôts/taxes : les 3 dates à ne pas rater en août 2025,"Remboursement d’impôt sur le revenu, envoi des avis de taxe foncière, règles sur l’ISF.... Le calendrier des échéances fiscales pour les déclarations ou les paiements vient d’être mis à jour pour août 2025.",Le calendrier des impôts et des taxes d’août 2025,https://leparticulier.lefigaro.fr/jcms/c_113075/impots/impots-taxes-les-3-dates-a-ne-pas-rater-en-aout-2025-20250730,"Wed, 30 Jul 2025 14:24:44 +0200",Le Figaro - Actualité en direct et informations en continu,"{'method': 'TextBlob', 'polarity': 0.0, 'subjectivity': 0.0, 'sentiment': 'neutral', 'confidence': 0.0}","{'method': 'VADER', 'compound': 0.0, 'positive': 0.0, 'negative': 0.0, 'neutral': 1.0, 'sentiment': 'neutral', 'confidence': 0.0}",neutral,0.0,2025-08-01T09:36:15.273024,0.0,2025-07-30 14:24:44+02:00
L’Espagne épinglée par le Conseil de l’Europe face aux affaires de corruption des hauts dirigeants,,"Le premier ministre espagnol, Pedro Sanchez, et d’autres dirigeants du pays, sont concernés par des affaires de corruption.",https://www.lefigaro.fr/flash-actu/l-espagne-epinglee-par-le-conseil-de-l-europe-face-aux-affaires-de-corruption-des-hauts-dirigeants-20250801,"Fri, 01 Aug 2025 09:25:55 +0200",Le Figaro - Actualité en direct et informations en continu,"{'method': 'TextBlob', 'polarity': 0.0, 'subjectivity': 0.0, 'sentiment': 'neutral', 'confidence': 0.0}","{'method': 'VADER', 'compound': 0.0, 'positive': 0.0, 'negative': 0.0, 'neutral': 1.0, 'sentiment': 'neutral', 'confidence': 0.0}",neutral,0.0,2025-08-01T09:36:15.274024,0.0,2025-08-01 09:25:55+02:00
"Nintendo a vendu 5,82 millions de Switch 2 en juin et voit son chiffre d’affaires bondir au premier trimestre","Le constructeur japonais a vu pour l’ensemble du trimestre avril-juin son bénéfice net augmenter de 18,6% à 96 milliards de yens (558 millions d’euros), mais n’a pas modifié ses prévisions financières annuelles.","Pour l’ensemble du trimestre avril-juin, Nintendo a vu son bénéfice net augmenter de 18,6% à 96 milliards de yens (558 millions d’euros).",https://www.lefigaro.fr/secteur/high-tech/nintendo-a-vendu-5-82-millions-de-switch-2-en-juin-et-voit-son-chiffre-d-affaires-bondir-au-premier-trimestre-20250801,"Fri, 01 Aug 2025 09:19:46 +0200",Le Figaro - Actualité en direct et informations en continu,"{'method': 'TextBlob', 'polarity': 0.0, 'subjectivity': 0.0, 'sentiment': 'neutral', 'confidence': 0.0}","{'method': 'VADER', 'compound': 0.0, 'positive': 0.0, 'negative': 0.0, 'neutral': 1.0, 'sentiment': 'neutral', 'confidence': 0.0}",neutral,0.0,2025-08-01T09:36:15.274024,0.0,2025-08-01 09:19:46+02:00
"Steven Knight, réalisateurs des Peaky Blinders, écrira le scénario du prochain James Bond","Le cinéaste britannique travaillera aux côtés du réalisateur de Dune, Denis Villeneuve, dont la participation a été annoncée en juin.","Âgé de 65 ans, Steven Knight est le réalisateur de la série britannique de gangsters Peaky Blinders, un succès mondial.",https://www.lefigaro.fr/cinema/steven-knight-realisateurs-des-peaky-blinders-ecrira-le-scenario-du-prochain-james-bond-20250801,"Fri, 01 Aug 2025 09:33:14 +0200",Le Figaro - Actualité en direct et informations en continu,"{'method': 'TextBlob', 'polarity': 0.1, 'subjectivity': 0.4, 'sentiment': 'neutral', 'confidence': 0.1}","{'method': 'VADER', 'compound': 0.0, 'positive': 0.0, 'negative': 0.0, 'neutral': 1.0, 'sentiment': 'neutral', 'confidence': 0.0}",neutral,0.05,2025-08-01T09:36:15.275024,0.0,2025-08-01 09:33:14+02:00
"Guerre en Ukraine : pour Sergueï Lavrov, l’Allemagne et l’Europe suivent la voie d’un «Quatrième Reich»","Dans une tribune publiée mardi dans un média gouvernemental, le chef de la diplomatie russe, Sergueï Lavrov, a livré une violente charge contre l’Allemagne et l’Union européenne, qu’il accuse de dérive autoritaire et militariste.","L’Allemagne et l’Union européenne sont en pleine dérive autoritaire et militariste, accuse le chef de la diplomatie russe Sergueï Lavrov.",https://www.lefigaro.fr/international/guerre-en-ukraine-pour-serguei-lavrov-l-allemagne-et-l-europe-suivent-la-voie-d-un-quatrieme-reich-20250801,"Fri, 01 Aug 2025 09:09:05 +0200",Le Figaro - Actualité en direct et informations en continu,"{'method': 'TextBlob', 'polarity': 0.0, 'subjectivity': 0.0, 'sentiment': 'neutral', 'confidence': 0.0}","{'method': 'VADER', 'compound': -0.2023, 'positive': 0.0, 'negative': 0.035, 'neutral': 0.965, 'sentiment': 'negative', 'confidence': 0.2023}",negative,0.10115,2025-08-01T09:36:15.276024,-0.2023,2025-08-01 09:09:05+02:00
"Nouvelle enquête, numéro vert... Les multiples répliques du séisme Le Scouarnec",INFO LE FIGARO - Huit acteurs du procès ont déjà appelé le numéro vert mis en place mi-juillet à la demande du collectif de victimes de l’ancien chirurgien.,"Un collectif de victimes de Joël Le Scouarnec s’est constitué en mai 2025, peu avant la fin du procès de l’ancien chirurgien. L’une de leurs requêtes était la mise en place d’une ligne téléphonique ouverte à toutes les personnes liées à cette tentaculaire affaire de pédocriminalité.",https://www.lefigaro.fr/actualite-france/nouvelle-enquete-numero-vert-les-multiples-repliques-du-seisme-le-scouarnec-20250801,"Fri, 01 Aug 2025 06:15:00 +0200",Le Figaro - Actualité en direct et informations en continu,"{'method': 'TextBlob', 'polarity': 0.0, 'subjectivity': 0.0, 'sentiment': 'neutral', 'confidence': 0.0}","{'method': 'VADER', 'compound': 0.0, 'positive': 0.0, 'negative': 0.0, 'neutral': 1.0, 'sentiment': 'neutral', 'confidence': 0.0}",neutral,0.0,2025-08-01T09:36:15.276024,0.0,2025-08-01 06:15:00+02:00
Gaza : ce qu’il faut savoir sur le parachutage d’aide de la France prévu dès ce vendredi,"Le ministre des Affaires étrangères, Jean-Noël Barrot a annoncé mercredi que l’armée française allait larguer 40 tonnes de vivres dans l’enclave palestinienne, où la malnutrition atteint des niveaux alarmants.","Un avion émirati largue de l’aide humanitaire sur Gaza, vu depuis la bande de Gaza centrale, le 31 juillet 2025.",https://www.lefigaro.fr/international/gaza-ce-qu-il-faut-savoir-sur-le-parachutage-d-aide-de-la-france-prevu-des-ce-vendredi-20250801,"Fri, 01 Aug 2025 06:00:00 +0200",Le Figaro - Actualité en direct et informations en continu,"{'method': 'TextBlob', 'polarity': 0.0, 'subjectivity': 0.0, 'sentiment': 'neutral', 'confidence': 0.0}","{'method': 'VADER', 'compound': 0.0, 'positive': 0.0, 'negative': 0.0, 'neutral': 1.0, 'sentiment': 'neutral', 'confidence': 0.0}",neutral,0.0,2025-08-01T09:36:15.277025,0.0,2025-08-01 06:00:00+02:00
Emmanuel Macron en passe de réussir son pari sur une reconnaissance de la Palestine,"DÉCRYPTAGE - Paris a fait naître un élan diplomatique et, comme le Canada et la Grande-Bretagne, d’autres pays pourraient suivre en septembre.","Emmanuel Macron à Paris, le 14 juillet 2025.",https://www.lefigaro.fr/international/emmanuel-macron-en-passe-de-reussir-son-pari-sur-une-reconnaissance-de-la-palestine-20250731,"Thu, 31 Jul 2025 18:50:32 +0200",Le Figaro - Actualité en direct et informations en continu,"{'method': 'TextBlob', 'polarity': 0.0, 'subjectivity': 0.0, 'sentiment': 'neutral', 'confidence': 0.0}","{'method': 'VADER', 'compound': 0.0, 'positive': 0.0, 'negative': 0.0, 'neutral': 1.0, 'sentiment': 'neutral', 'confidence': 0.0}",neutral,0.0,2025-08-01T09:36:15.278025,0.0,2025-07-31 18:50:32+02:00
Etats-Unis : les droits de douane voulus par Trump retardés au 7 août,"Dans la soirée du 31 juillet, le président américain a annoncé que ces nouvelles mesures prendront effet le 7 août prochain.","Un port de conteneurs à Los Angeles, en Californie, le 31 juillet 2025.",https://www.liberation.fr/international/amerique/etats-unis-les-droits-de-douane-voulus-par-trump-retardes-au-7er-aout-20250801_3A44CK5WCVGPVKGTXS356LFDGI/,"Fri, 01 Aug 2025 07:28:48 +0000",Libération,"{'method': 'TextBlob', 'polarity': 0.0, 'subjectivity': 0.0, 'sentiment': 'neutral', 'confidence': 0.0}","{'method': 'VADER', 'compound': 0.0, 'positive': 0.0, 'negative': 0.0, 'neutral': 1.0, 'sentiment': 'neutral', 'confidence': 0.0}",neutral,0.0,2025-08-01T09:36:15.278025,0.0,2025-08-01 07:28:48+00:00
"Relancée avec de nouveaux droits de douane, la guerre commerciale de Donald Trump bientôt déclarée illégale ?","Nouveau report de sept jours, nouveaux taux, nouvelle confusion à Washington à l’heure de l’échéance du 1er août. Tandis que les juges planchaient la veille sur la probable illégalité de ses tarifs douaniers, le président fonce et cogne dur.","Donald Trump à la Maison Blanche, le 31 juillet 2025.",https://www.liberation.fr/international/amerique/relancee-avec-de-nouveaux-droits-de-douane-la-guerre-commerciale-de-donald-trump-bientot-declaree-illegale-20250801_MOB3YUDMYND6BLDUF5USKQBGBI/,"Fri, 01 Aug 2025 07:25:25 +0000",Libération,"{'method': 'TextBlob', 'polarity': 0.0, 'subjectivity': 0.0, 'sentiment': 'neutral', 'confidence': 0.0}","{'method': 'VADER', 'compound': -0.296, 'positive': 0.0, 'negative': 0.038, 'neutral': 0.962, 'sentiment': 'negative', 'confidence': 0.296}",negative,0.148,2025-08-01T09:36:15.279025,-0.296,2025-08-01 07:25:25+00:00
Camping catastrophe : «Une trentaine de cochons arrivent de tous les côtés»,"Camper rime souvent avec le plaisir du plein air. Mais peut aussi parfois entraîner de grosses déconvenues. Pour «Libé», ils ou elles racontent leurs déboires de campeurs initiés ou amateurs. Dans le cinquième épisode de notre série, Anaëlle fait son baptême à la belle étoile, en Corse.","«Au petit matin, on se réveille en sursaut à cause d’un bruit horrible, comme si on égorgeait quelqu’un.»",https://www.liberation.fr/lifestyle/voyages/camping-catastrophe-une-trentaine-de-cochons-arrivent-de-tous-les-cotes-20250801_PVHDW4BDIVFWVMHKKZIUY6O7EQ/,"Fri, 01 Aug 2025 07:16:00 +0000",Libération,"{'method': 'TextBlob', 'polarity': 0.0, 'subjectivity': 0.0, 'sentiment': 'neutral', 'confidence': 0.0}","{'method': 'VADER', 'compound': -0.7351, 'positive': 0.0, 'negative': 0.098, 'neutral': 0.902, 'sentiment': 'negative', 'confidence': 0.7351}",negative,0.36755,2025-08-01T09:36:15.280026,-0.7351,2025-08-01 07:16:00+00:00
"Trump et les droits de douane, largage d’aide humanitaire à Gaza, Léon Marchand retrouve les bassins… L’actu de ce vendredi 1er août au matin",La rédaction de «Libération» compile les principales infos du jour.,Des sauveteurs ukrainiens travaillent parmi les décombres d'un immeuble résidentiel détruit sur le site d'une attaque aérienne à Kyiv le 31 juillet 2025.,https://www.liberation.fr/international/europe/trump-et-les-droits-de-douane-largage-daide-humanitaire-a-gaza-leon-marchand-retrouve-les-bassins-lactu-de-ce-vendredi-1er-aout-au-matin-20250801_SNPFYD7XZNAYPJYW46ASC2LHPA/,"Fri, 01 Aug 2025 06:46:42 +0000",Libération,"{'method': 'TextBlob', 'polarity': 0.0, 'subjectivity': 0.0, 'sentiment': 'neutral', 'confidence': 0.0}","{'method': 'VADER', 'compound': 0.0, 'positive': 0.0, 'negative': 0.0, 'neutral': 1.0, 'sentiment': 'neutral', 'confidence': 0.0}",neutral,0.0,2025-08-01T09:36:15.280026,0.0,2025-08-01 06:46:42+00:00
"Les applis font les bons amis ? : Lydia, pour argent content","Cet été, «Libé» passe au scan les applications qui rythment et organisent nos vacances. (6/6) Aujourd’hui, les outils destinés aux petits virements instantanés.","L'application Lydia permet des virements instantanés, grâce au simple numéro de téléphone, depuis 2013.",https://www.liberation.fr/plus/speciaux-cahier-ete/les-applis-font-les-bons-amis-lydia-pour-argent-content-20250801_E34QLBCNT5G3JILB4DQO6MRZHA/,"Fri, 01 Aug 2025 06:43:00 +0000",Libération,"{'method': 'TextBlob', 'polarity': 0.0, 'subjectivity': 0.0, 'sentiment': 'neutral', 'confidence': 0.0}","{'method': 'VADER', 'compound': 0.0, 'positive': 0.0, 'negative': 0.0, 'neutral': 1.0, 'sentiment': 'neutral', 'confidence': 0.0}",neutral,0.0,2025-08-01T09:36:15.281026,0.0,2025-08-01 06:43:00+00:00
Guerre en Ukraine : Donald Trump juge les frappes russes qui ont fait 28 morts à Kyiv «écœurantes»,"Malgré l’ultimatum adressé au Kremlin, la Russie a durement frappé la capitale ukrainienne dans la nuit de mercredi à jeudi.","Le président américain Donald Trump, le 30 juillet à la Maison Blanche.",https://www.liberation.fr/international/europe/guerre-en-ukraine-donald-trump-juge-les-frappes-russes-qui-ont-fait-28-morts-a-kyiv-ecoeurantes-20250801_J36MTVRFUBC5ZON4ISRUD4AKZ4/,"Fri, 01 Aug 2025 06:39:02 +0000",Libération,"{'method': 'TextBlob', 'polarity': 0.0, 'subjectivity': 0.0, 'sentiment': 'neutral', 'confidence': 0.0}","{'method': 'VADER', 'compound': 0.0, 'positive': 0.0, 'negative': 0.0, 'neutral': 1.0, 'sentiment': 'neutral', 'confidence': 0.0}",neutral,0.0,2025-08-01T09:36:15.282026,0.0,2025-08-01 06:39:02+00:00
"En Allemagne, la Deutsche Bahn n’est pas en bonne voie","Dettes colossales, déficits chroniques, ponctualité en berne et infrastructures usées jusqu’à la corde : la compagnie ferroviaire allemande s’enfonce dans la crise. La principale ligne du pays sera fermée pour neuf mois dès ce vendredi 1er août pour rénover le matériel.","Du 1er août 2025 au 30 avril 2026, la ligne de train reliant Berlin et Hambourg sera fermée pour cause de chantier.",https://www.liberation.fr/international/europe/en-allemagne-la-deutsche-bahn-nest-pas-en-bonne-voie-20250801_NLI3ZODLT5EZRJM3L26IG4BVSU/,"Fri, 01 Aug 2025 06:15:00 +0000",Libération,"{'method': 'TextBlob', 'polarity': 0.0, 'subjectivity': 0.0, 'sentiment': 'neutral', 'confidence': 0.0}","{'method': 'VADER', 'compound': 0.0, 'positive': 0.0, 'negative': 0.0, 'neutral': 1.0, 'sentiment': 'neutral', 'confidence': 0.0}",neutral,0.0,2025-08-01T09:36:15.282026,0.0,2025-08-01 06:15:00+00:00
"«Sorcières» de Daisuke Igarashi, harmonie du sort",Le recueil de nouvelles autour de la figure de la magicienne brille par ses atmosphères et la finesse des traits du dessinateur japonais.,"La shaman au cœur de l'œuvre de Daisuke Igarashi, publiée en 2004 au Japon.",https://www.liberation.fr/culture/bd/sorcieres-de-daisuke-igarashi-harmonie-du-sort-20250801_E6JCK4XFTFFFXFK2IZR323BTQI/,"Fri, 01 Aug 2025 06:13:00 +0000",Libération,"{'method': 'TextBlob', 'polarity': 0.0, 'subjectivity': 0.0, 'sentiment': 'neutral', 'confidence': 0.0}","{'method': 'VADER', 'compound': 0.0, 'positive': 0.0, 'negative': 0.0, 'neutral': 1.0, 'sentiment': 'neutral', 'confidence': 0.0}",neutral,0.0,2025-08-01T09:36:15.283026,0.0,2025-08-01 06:13:00+00:00
"Taux des livrets d’épargne en baisse, hausse de la TVA sur le gaz et l’électricité… Ce qui change au 1er août",Plusieurs évolutions affectant le pouvoir d’achat vont intervenir à compter de ce vendredi 1er août. «Libé» fait le tour de ces nouveautés.,"Livret A, prix du gaz et de l'électricité... le mois d'août commence avec plusieurs mauvaises nouvelles pour le pouvoir d'achat.",https://www.liberation.fr/economie/taux-des-livrets-depargne-en-baisse-hausse-de-la-tva-sur-le-gaz-et-lelectricite-ce-qui-change-au-1er-aout-20250731_2I2JHZ7CIBBMLNMLHPSHYSU4JY/,"Fri, 01 Aug 2025 06:06:04 +0000",Libération,"{'method': 'TextBlob', 'polarity': 0.0, 'subjectivity': 0.0, 'sentiment': 'neutral', 'confidence': 0.0}","{'method': 'VADER', 'compound': 0.0, 'positive': 0.0, 'negative': 0.0, 'neutral': 1.0, 'sentiment': 'neutral', 'confidence': 0.0}",neutral,0.0,2025-08-01T09:36:15.284027,0.0,2025-08-01 06:06:04+00:00
«Qui veut gagner des millions» et la feinte de toux,"En septembre 2001, l’étrange Charles Ingram remporte miraculeusement le gros lot de «Who Wants to be a Millionaire ?» Mais la production tique… Le scandale qui va suivre passionnera le Royaume-Uni jusqu’à aujourd’hui.","Charles Ingfam, lors de sa victoire à «Who Wants to be a Millionaire» en 2001.",https://www.liberation.fr/plus/speciaux-cahier-ete/qui-veut-gagner-des-millions-et-la-feinte-de-toux-20250801_YPGUS3AA5VFFNBQL5JNQRBO4NE/,"Fri, 01 Aug 2025 05:23:00 +0000",Libération,"{'method': 'TextBlob', 'polarity': 0.2, 'subjectivity': 0.1, 'sentiment': 'positive', 'confidence': 0.2}","{'method': 'VADER', 'compound': 0.0, 'positive': 0.0, 'negative': 0.0, 'neutral': 1.0, 'sentiment': 'neutral', 'confidence': 0.0}",positive,0.1,2025-08-01T09:36:15.284027,0.0,2025-08-01 05:23:00+00:00
Un an après le passage en scop de Duralex : «Les gens qui viennent à la boutique nous disent “On sait où va l’argent maintenant”»,"Depuis la transformation du verrier du Loiret en société coopérative et participative, le 1er août 2024, le succès populaire devrait permettre à la boîte de faire progresser ses revenus de 22 % cette année. L’entreprise pense pouvoir être rentable dès 2027.","A l'usine Duralex. La couverture extensive par la presse, puis la reprise en scop, ont redonné un coup de fouet à la popularité de la marque.",https://www.liberation.fr/economie/social/un-an-apres-le-passage-en-scop-de-duralex-les-gens-qui-viennent-a-la-boutique-nous-disent-on-sait-ou-va-largent-maintenant-20250801_HNWHUEV67RCARILPR43RQMMHTE/,"Fri, 01 Aug 2025 05:15:00 +0000",Libération,"{'method': 'TextBlob', 'polarity': 0.0, 'subjectivity': 0.0, 'sentiment': 'neutral', 'confidence': 0.0}","{'method': 'VADER', 'compound': 0.0, 'positive': 0.0, 'negative': 0.0, 'neutral': 1.0, 'sentiment': 'neutral', 'confidence': 0.0}",neutral,0.0,2025-08-01T09:36:15.285026,0.0,2025-08-01 05:15:00+00:00
L’économie américaine bercée par le mirage Donald Trump,"Les statistiques flatteuses récemment publiées ont poussé le président américain à enfin en revendiquer la paternité. Mais entre l’anticipation de ses décisions douanières par les entreprises et la propension du gouvernement à tordre les faits, la réalité pourrait finir par le rattraper.","Donald Trump avec  le secrétaire au Commerce, Howard Lutnick, le 15 juillet dans le Maryland.",https://www.liberation.fr/international/amerique/leconomie-americaine-bercee-par-le-mirage-donald-trump-20250801_OYYKYJ5TK5DOPBCJLLNHCSBEHE/,"Fri, 01 Aug 2025 03:47:00 +0000",Libération,"{'method': 'TextBlob', 'polarity': 0.0, 'subjectivity': 0.0, 'sentiment': 'neutral', 'confidence': 0.0}","{'method': 'VADER', 'compound': 0.0, 'positive': 0.0, 'negative': 0.0, 'neutral': 1.0, 'sentiment': 'neutral', 'confidence': 0.0}",neutral,0.0,2025-08-01T09:36:15.286026,0.0,2025-08-01 03:47:00+00:00
Quiz : ça s’est passé un 1er août,(12/30)  De quel territoire célèbre-t-on aujourd’hui «l’indépendance» ? En quel honneur la journée est-elle fériée au Liban ?,"En 1589, le moine Jacques Clement assassine le roi Henri III d'un coup de poignard apres lui avoir fait lire une lettre. Le roi meurt dans les bras de Henri de Navarre. Chromolithographie vers 1890. ©Bianchetti/Leemage (Photo by leemage / Bridgeman Images via AFP)",https://www.liberation.fr/plus/speciaux-cahier-ete/quiz-ca-sest-passe-un-1er-aout-20250801_7E2VI3BBIJDYVPAWHJ6RDRDALQ/,"Fri, 01 Aug 2025 03:11:00 +0000",Libération,"{'method': 'TextBlob', 'polarity': 0.0, 'subjectivity': 0.0, 'sentiment': 'neutral', 'confidence': 0.0}","{'method': 'VADER', 'compound': 0.0, 'positive': 0.0, 'negative': 0.0, 'neutral': 1.0, 'sentiment': 'neutral', 'confidence': 0.0}",neutral,0.0,2025-08-01T09:36:15.287027,0.0,2025-08-01 03:11:00+00:00
"Le Brésil en mille regards : Missão Francesa, beaux-arts et la manière","Cet été, avec la collection de la BNF, «Libé» s’ouvre aux photographes du pays-continent (12/30). Aujourd’hui, la «Missão Francesa» et l’influence française sur l’identité brésilienne selon André Penteado.","Une main dans un atelier de sculpture, entre instrument de travail et symbole.",https://www.liberation.fr/culture/photographie/le-bresil-en-mille-regards-missao-francesa-beaux-arts-et-la-maniere-20250801_M7BMM7TETNDHNF7NS5OAGJFSQI/,"Fri, 01 Aug 2025 01:57:00 +0000",Libération,"{'method': 'TextBlob', 'polarity': 0.0, 'subjectivity': 0.0, 'sentiment': 'neutral', 'confidence': 0.0}","{'method': 'VADER', 'compound': 0.0, 'positive': 0.0, 'negative': 0.0, 'neutral': 1.0, 'sentiment': 'neutral', 'confidence': 0.0}",neutral,0.0,2025-08-01T09:36:15.288027,0.0,2025-08-01 01:57:00+00:00
"Le Tour de France de Cédrine Kerbaol, étape 6 :  «Ce n’est pas évident de parler du sujet de la perte de poids dans le peloton»","La cycliste de 24 ans participe à son troisième Tour, cette fois comme leadeuse de l’équipe EF Education-Oatly. Chaque soir, «Libé» fait le point avec elle.","Cédrine Kerbaol avant le départ de la sixième étape du Tour de France femmes, à Clermont-Ferrand, le jeudi 31 juillet.",https://www.liberation.fr/sports/cyclisme/le-tour-de-france-de-cedrine-kerbaol-etape-6-ce-nest-pas-evident-de-parler-du-sujet-de-la-perte-de-poids-dans-le-peloton-20250731_O33XS6C3YRCZBGL4ECPETNC2BQ/,"Thu, 31 Jul 2025 19:19:00 +0000",Libération,"{'method': 'TextBlob', 'polarity': 0.0, 'subjectivity': 0.0, 'sentiment': 'neutral', 'confidence': 0.0}","{'method': 'VADER', 'compound': 0.0, 'positive': 0.0, 'negative': 0.0, 'neutral': 1.0, 'sentiment': 'neutral', 'confidence': 0.0}",neutral,0.0,2025-08-01T09:36:15.289027,0.0,2025-07-31 19:19:00+00:00
"Sannd Abu al-Shaer, Ayloul Qaud, Mahmoud Abdel Ghafour… Le «Washington Post» publie les noms des 18 500 enfants tués à Gaza","Le quotidien américain a épluché la liste des 60 000 victimes compilées par le ministère de la santé de Gaza, parmi laquelle figurent près de 30 % de mineurs, pour leur redonner un nom.","Dans la bande de Gaza, le 7 juin.",https://www.liberation.fr/international/moyen-orient/sannd-abu-al-shaer-ayloul-qaud-mahmoud-abdel-ghafour-le-washington-post-publie-les-noms-des-18-500-enfants-tues-a-gaza-20250731_YMQJP7S3OJCKHN4MM7JGLFLHG4/,"Thu, 31 Jul 2025 19:18:34 +0000",Libération,"{'method': 'TextBlob', 'polarity': 0.0, 'subjectivity': 0.0, 'sentiment': 'neutral', 'confidence': 0.0}","{'method': 'VADER', 'compound': 0.0, 'positive': 0.0, 'negative': 0.0, 'neutral': 1.0, 'sentiment': 'neutral', 'confidence': 0.0}",neutral,0.0,2025-08-01T09:36:15.289027,0.0,2025-07-31 19:18:34+00:00
"Bob Wilson, maître en scène","L’artiste américain, monument du théâtre, est mort ce jeudi 31 juillet à 83 ans.","Bob Wilson à Paris, le 27 février 2007.",https://www.liberation.fr/culture/bob-wilson-maitre-en-scene-20250731_NIJ2YQOBYZBUHO5OAZ3CV4ZBFU/,"Thu, 31 Jul 2025 19:13:52 +0000",Libération,"{'method': 'TextBlob', 'polarity': 0.0, 'subjectivity': 0.0, 'sentiment': 'neutral', 'confidence': 0.0}","{'method': 'VADER', 'compound': 0.0, 'positive': 0.0, 'negative': 0.0, 'neutral': 1.0, 'sentiment': 'neutral', 'confidence': 0.0}",neutral,0.0,2025-08-01T09:36:15.290027,0.0,2025-07-31 19:13:52+00:00
"Morts blanches : au sommet du Cervin, à cordes et à cris","Des histoires de cold cases ou de meurtres en montagne (6/6). Aujourd’hui, la dramatique première ascension du Cervin.",,https://www.liberation.fr/plus/speciaux-cahier-ete/morts-blanches-au-sommet-du-cervin-a-cordes-et-a-cris-20250731_TGM3CGWYQNBOJHUUEO2RI7H2WQ/,"Thu, 31 Jul 2025 18:56:06 +0000",Libération,"{'method': 'TextBlob', 'polarity': -0.6, 'subjectivity': 1.0, 'sentiment': 'negative', 'confidence': 0.6}","{'method': 'VADER', 'compound': 0.0, 'positive': 0.0, 'negative': 0.0, 'neutral': 1.0, 'sentiment': 'neutral', 'confidence': 0.0}",negative,0.3,2025-08-01T09:36:15.290027,0.0,2025-07-31 18:56:06+00:00
"Accord commercial avec les Etats-Unis : après avoir perdu sur l’industrie, l’UE pourrait lancer la bataille sur les services","L’Union européenne a pratiquement acté l’instauration de droits de douane sur les produits manufacturés ou agricoles. En revanche, la question des services, notamment numériques, n’a pas été abordée. Serait-ce un possible levier de négociation en faveur des 27 Etats membres de l’UE ?",Discussions entre Ursula von der Leyen et Donald Trump en Ecosse le 27 juillet.,https://www.liberation.fr/economie/accord-commercial-avec-les-etats-unis-apres-avoir-perdu-sur-lindustrie-lue-pourrait-lancer-la-bataille-sur-les-services-20250731_EBSZZB5G4FFDXIOM4OA2GZLOH4/,"Thu, 31 Jul 2025 18:40:12 +0000",Libération,"{'method': 'TextBlob', 'polarity': 0.0, 'subjectivity': 0.5, 'sentiment': 'neutral', 'confidence': 0.0}","{'method': 'VADER', 'compound': 0.0, 'positive': 0.0, 'negative': 0.0, 'neutral': 1.0, 'sentiment': 'neutral', 'confidence': 0.0}",neutral,0.0,2025-08-01T09:36:15.292028,0.0,2025-07-31 18:40:12+00:00
"Visite de Steve Witkoff, l’émissaire de Trump, vendredi dans la bande de Gaza",La Maison Blanche annonce ce jeudi 31 que l’émissaire et l’ambassadeur américain en Israël se rendront le 1er août dans l’enclave palestinienne. Ils ont pour objectif de mettre en place un plan pour améliorer la distribution alimentaire.,"Steve Witkoff, le 13 juillet 2025.",https://www.liberation.fr/international/moyen-orient/visite-de-steve-witkoff-lemissaire-de-trump-vendredi-dans-la-bande-de-gaza-20250731_CTV447GXZJBTPH5XT2S7I4GL3U/,"Thu, 31 Jul 2025 18:37:09 +0000",Libération,"{'method': 'TextBlob', 'polarity': 0.0, 'subjectivity': 0.0, 'sentiment': 'neutral', 'confidence': 0.0}","{'method': 'VADER', 'compound': 0.0, 'positive': 0.0, 'negative': 0.0, 'neutral': 1.0, 'sentiment': 'neutral', 'confidence': 0.0}",neutral,0.0,2025-08-01T09:36:15.292028,0.0,2025-07-31 18:37:09+00:00
Droits de douane : les surtaxes imposées aux partenaires commerciaux des Etats-Unis par Donald Trump prendront effet le 7 août,"Ces surtaxes, qui s'échelonnent entre 10% et 41% selon les pays, devaient initialement être appliquées dès le 1er août.",,https://www.franceinfo.fr/monde/usa/droits-de-douane/direct-droits-de-douanes-les-surtaxes-imposees-aux-partenaires-commerciaux-des-etats-unis-par-donald-trump-prendront-effet-le-7-aout_7411372.html#xtor=RSS-3-[lestitres],"Fri, 01 Aug 2025 06:35:37 +0200",Franceinfo - Les Titres,"{'method': 'TextBlob', 'polarity': 0.0, 'subjectivity': 0.0, 'sentiment': 'neutral', 'confidence': 0.0}","{'method': 'VADER', 'compound': 0.0, 'positive': 0.0, 'negative': 0.0, 'neutral': 1.0, 'sentiment': 'neutral', 'confidence': 0.0}",neutral,0.0,2025-08-01T09:36:15.293028,0.0,2025-08-01 06:35:37+02:00
"Crise humanitaire dans la bande de Gaza : ""il n'y a plus une minute à perdre"", déclare Jean-Noël Barrot, alors que la France va larguer 40 tonnes d'aide","""Il faut inonder la bande de Gaza d'eau, de nourriture, de médicaments"", a listé le ministre des Affaires étrangères, invité de franceinfo.",,https://www.franceinfo.fr/monde/proche-orient/israel-palestine/direct-crise-humanitaire-dans-la-bande-de-gaza-il-n-y-a-plus-une-minute-a-perdre-declare-jean-noel-barrot-alors-que-la-france-va-larguer-40-tonnes-d-aide_7411570.html#xtor=RSS-3-[lestitres],"Fri, 01 Aug 2025 09:03:02 +0200",Franceinfo - Les Titres,"{'method': 'TextBlob', 'polarity': 0.0, 'subjectivity': 0.0, 'sentiment': 'neutral', 'confidence': 0.0}","{'method': 'VADER', 'compound': 0.0, 'positive': 0.0, 'negative': 0.0, 'neutral': 1.0, 'sentiment': 'neutral', 'confidence': 0.0}",neutral,0.0,2025-08-01T09:36:15.294029,0.0,2025-08-01 09:03:02+02:00
"""Je vais devoir financer son enfermement ? C'est insensé"" : les familles de détenus redoutent le retour des frais d'incarcération","Le ministre de la Justice souhaite faire ""contribuer"" les détenus au coût de leur détention. Alors que la proposition de loi se profile, les familles perçoivent ce fardeau financier supplémentaire comme une ""double peine"".",,https://www.franceinfo.fr/societe/prisons/temoignages-je-vais-devoir-financer-son-enfermement-c-est-insense-les-familles-de-detenus-redoutent-le-retour-des-frais-d-incarceration_7392172.html#xtor=RSS-3-[lestitres],"Fri, 01 Aug 2025 05:54:58 +0200",Franceinfo - Les Titres,"{'method': 'TextBlob', 'polarity': 0.0, 'subjectivity': 0.0, 'sentiment': 'neutral', 'confidence': 0.0}","{'method': 'VADER', 'compound': 0.5267, 'positive': 0.06, 'negative': 0.0, 'neutral': 0.94, 'sentiment': 'positive', 'confidence': 0.5267}",positive,0.26335,2025-08-01T09:36:15.294029,0.5267,2025-08-01 05:54:58+02:00
"Baisse du taux du livret A, factures d'électricité, compteur Linky... Ce qui change à partir du 1er août 2025","Parmi les nouveautés attendues figure une nette diminution du taux de rémunération du livret A, qui passe de 2,4 à 1,7%.",,https://www.franceinfo.fr/environnement/energie/baisse-du-taux-du-livret-a-factures-d-electricite-compteur-linky-ce-qui-change-a-partir-du-1er-aout-2025_7408150.html#xtor=RSS-3-[lestitres],"Fri, 01 Aug 2025 08:13:27 +0200",Franceinfo - Les Titres,"{'method': 'TextBlob', 'polarity': 0.0, 'subjectivity': 0.0, 'sentiment': 'neutral', 'confidence': 0.0}","{'method': 'VADER', 'compound': 0.0, 'positive': 0.0, 'negative': 0.0, 'neutral': 1.0, 'sentiment': 'neutral', 'confidence': 0.0}",neutral,0.0,2025-08-01T09:36:15.295029,0.0,2025-08-01 08:13:27+02:00
"Une ""victoire diplomatique"" encore ""loin d'un succès politique"" : Emmanuel Macron a-t-il réussi son pari en embarquant d'autres pays vers la reconnaissance de la Palestine ?","L'annonce du chef de l'Etat, jeudi 24 juillet, a été suivie de prises de position similaires de la part du Royaume-Uni et du Canada. Les spécialistes interrogés par franceinfo analysent cette initiative élyséenne.",,https://www.franceinfo.fr/monde/palestine/une-victoire-diplomatique-encore-loin-d-un-succes-politique-emmanuel-macron-a-t-il-reussi-son-pari-en-embarquant-d-autres-pays-vers-la-reconnaissance-de-la-palestine_7410154.html#xtor=RSS-3-[lestitres],"Fri, 01 Aug 2025 05:53:50 +0200",Franceinfo - Les Titres,"{'method': 'TextBlob', 'polarity': 0.0, 'subjectivity': 0.0, 'sentiment': 'neutral', 'confidence': 0.0}","{'method': 'VADER', 'compound': 0.0, 'positive': 0.0, 'negative': 0.0, 'neutral': 1.0, 'sentiment': 'neutral', 'confidence': 0.0}",neutral,0.0,2025-08-01T09:36:15.296029,0.0,2025-08-01 05:53:50+02:00
Risques d'incendies et feux de forêt pendant l'été : visualisez les feux actifs en France en temps réel,"Suivez en direct la situation en France hexagonale et en Corse grâce à notre carte interactive. Mise à jour en temps réel, elle affiche les feux actifs et en cours recensés dans les dernières heures.",,https://www.franceinfo.fr/environnement/evenements-meteorologiques-extremes/incendies-et-feux-de-foret/carte-risques-d-incendies-et-feux-de-foret-pendant-l-ete-visualisez-les-feux-actifs-en-france-en-temps-reel_7408201.html#xtor=RSS-3-[lestitres],"Fri, 01 Aug 2025 09:09:28 +0200",Franceinfo - Les Titres,"{'method': 'TextBlob', 'polarity': 0.1, 'subjectivity': 0.4, 'sentiment': 'neutral', 'confidence': 0.1}","{'method': 'VADER', 'compound': 0.0, 'positive': 0.0, 'negative': 0.0, 'neutral': 1.0, 'sentiment': 'neutral', 'confidence': 0.0}",neutral,0.05,2025-08-01T09:36:15.296029,0.0,2025-08-01 09:09:28+02:00
"""Je n'avais pas imaginé revenir sans lui..."" : le récit poignant de cette Franco-Syrienne, dont le mari été tué dans un massacre en Syrie, après son retour en France","Amjaad, professeure de mathématiques à Rouen, rendait visite à ses proches mi-juillet à Soueïda, en Syrie, lorsque de violents affrontements ont éclaté entre la communauté druze et des combattants jihadistes, lors desquels son mari a été tué. Elle avait lancé un appel à l'ambassade de France sur franceinfo.",,https://www.franceinfo.fr/monde/syrie/temoignage-je-n-avais-pas-imagine-revenir-sans-lui-le-recit-poignant-de-cette-franco-syrienne-dont-le-mari-ete-tue-dans-un-massacre-en-syrie-apres-son-retour-en-france_7411462.html#xtor=RSS-3-[lestitres],"Fri, 01 Aug 2025 08:04:07 +0200",Franceinfo - Les Titres,"{'method': 'TextBlob', 'polarity': 0.0, 'subjectivity': 0.5, 'sentiment': 'neutral', 'confidence': 0.0}","{'method': 'VADER', 'compound': 0.0, 'positive': 0.0, 'negative': 0.0, 'neutral': 1.0, 'sentiment': 'neutral', 'confidence': 0.0}",neutral,0.0,2025-08-01T09:36:15.297029,0.0,2025-08-01 08:04:07+02:00
Deux jeunes françaises risquent plus de 16 ans de prison en Turquie après avoir été arrêtées à l'aéroport avec des valises contenant de la drogue,"Elles expliquent avoir accepté un voyage en Thaïlande offert par un ami. À leur retour, un inconnu leur aurait imposé d'embarquer avec deux valises cadenassées qui contenaient en réalité de la drogue découverte lors de leur escale à Istanbul.",,https://www.franceinfo.fr/faits-divers/deux-jeunes-francaises-risquent-plus-de-16-ans-de-prison-en-turquie-apres-avoir-ete-arretees-a-l-aeroport-avec-des-valises-contenant-de-la-drogue_7411504.html#xtor=RSS-3-[lestitres],"Fri, 01 Aug 2025 07:21:28 +0200",Franceinfo - Les Titres,"{'method': 'TextBlob', 'polarity': 0.0, 'subjectivity': 0.0, 'sentiment': 'neutral', 'confidence': 0.0}","{'method': 'VADER', 'compound': -0.5106, 'positive': 0.0, 'negative': 0.05, 'neutral': 0.95, 'sentiment': 'negative', 'confidence': 0.5106}",negative,0.2553,2025-08-01T09:36:15.298029,-0.5106,2025-08-01 07:21:28+02:00
"""On ne peut pas baisser nos prix de 15%"" : trois entrepreneurs français expliquent comment ils tentent de s'adapter à l'accord douanier américain","Certains secteurs comme l'aéronautique et l'automobile ont été relativement épargnés, tandis que d'autres ont pris de plein fouet ce nouveau régime commercial : les produits cosmétiques sont ainsi passés de 0 à 15% de droits de douane, entre janvier et juillet.",,https://www.franceinfo.fr/monde/usa/droits-de-douane/temoignages-on-ne-peut-pas-baisser-nos-prix-de-15-trois-entrepreneurs-francais-expliquent-comment-ils-tentent-de-s-adapter-a-l-accord-douanier-americain_7407715.html#xtor=RSS-3-[lestitres],"Thu, 31 Jul 2025 05:55:04 +0200",Franceinfo - Les Titres,"{'method': 'TextBlob', 'polarity': 0.0, 'subjectivity': 0.0, 'sentiment': 'neutral', 'confidence': 0.0}","{'method': 'VADER', 'compound': 0.0, 'positive': 0.0, 'negative': 0.0, 'neutral': 1.0, 'sentiment': 'neutral', 'confidence': 0.0}",neutral,0.0,2025-08-01T09:36:15.299030,0.0,2025-07-31 05:55:04+02:00
"Au Salvador, le Parlement permet au président Nayib Bukele de se représenter indéfiniment",Une réforme constitutionnelle abolit la limite du nombre de mandats du chef de l'Etat et permet à ce proche allié de Donald Trump de se représenter indéfiniment.,,https://www.franceinfo.fr/monde/ameriques/au-salvador-le-parlement-permet-au-president-nayib-bukele-de-se-representer-indefiniment_7411486.html#xtor=RSS-3-[lestitres],"Fri, 01 Aug 2025 07:40:23 +0200",Franceinfo - Les Titres,"{'method': 'TextBlob', 'polarity': 0.0, 'subjectivity': 0.0, 'sentiment': 'neutral', 'confidence': 0.0}","{'method': 'VADER', 'compound': 0.0, 'positive': 0.0, 'negative': 0.0, 'neutral': 1.0, 'sentiment': 'neutral', 'confidence': 0.0}",neutral,0.0,2025-08-01T09:36:15.300029,0.0,2025-08-01 07:40:23+02:00
"Frappes russes sur Kiev : le bilan s'alourdit à 28 morts, dont trois enfants","Dans la foulée de ces attaques meurtrières, le président ukrainien, Volodymyr Zelensky, a dénoncé jeudi un ""nouveau spectacle meurtrier"" infligé par Moscou et appelé à un ""changement de régime"" en Russie.",,https://www.franceinfo.fr/monde/europe/manifestations-en-ukraine/frappes-russes-sur-kiev-le-bilan-s-alourdit-a-26-morts-dont-trois-enfants_7411480.html#xtor=RSS-3-[lestitres],"Fri, 01 Aug 2025 08:13:07 +0200",Franceinfo - Les Titres,"{'method': 'TextBlob', 'polarity': 0.0, 'subjectivity': 0.0, 'sentiment': 'neutral', 'confidence': 0.0}","{'method': 'VADER', 'compound': 0.0, 'positive': 0.0, 'negative': 0.0, 'neutral': 1.0, 'sentiment': 'neutral', 'confidence': 0.0}",neutral,0.0,2025-08-01T09:36:15.300029,0.0,2025-08-01 08:13:07+02:00
"Pollution aux PFAS : le gouvernement met en ligne les résultats de ""2,3 millions d'analyses"" de l'eau","La plateforme permet notamment d'accéder à une carte de surveillance des PFAS dans les eaux souterraines, de surface ou distribuées au robinet, ainsi que dans les sites industriels. Cette publication fait suite à un plan d'action annoncé par le gouvernement en avril 2024.",,https://www.franceinfo.fr/environnement/pollution/pfas/pollution-aux-pfas-le-gouvernement-met-en-ligne-les-resultats-de-2-3-millions-d-analyses-de-l-eau_7410427.html#xtor=RSS-3-[lestitres],"Thu, 31 Jul 2025 22:01:27 +0200",Franceinfo - Les Titres,"{'method': 'TextBlob', 'polarity': 0.1, 'subjectivity': 0.1, 'sentiment': 'neutral', 'confidence': 0.1}","{'method': 'VADER', 'compound': 0.0, 'positive': 0.0, 'negative': 0.0, 'neutral': 1.0, 'sentiment': 'neutral', 'confidence': 0.0}",neutral,0.05,2025-08-01T09:36:15.301030,0.0,2025-07-31 22:01:27+02:00
Série d'attentats de 1995 : retour sur un été qui a terrorisé la France,"Il y a 30 ans, une série d'attentats frappait la France, attribués au mouvement islamiste algérien GIA. L'un des auteurs, Boualem Bensaïd, pourrait sortir de prison vendredi.",,https://www.franceinfo.fr/faits-divers/terrorisme/serie-d-attentats-de-1995-retour-sur-un-ete-qui-a-terrorise-la-france_7410472.html#xtor=RSS-3-[lestitres],"Fri, 01 Aug 2025 06:26:23 +0200",Franceinfo - Les Titres,"{'method': 'TextBlob', 'polarity': 0.0, 'subjectivity': 0.0, 'sentiment': 'neutral', 'confidence': 0.0}","{'method': 'VADER', 'compound': -0.5106, 'positive': 0.0, 'negative': 0.076, 'neutral': 0.924, 'sentiment': 'negative', 'confidence': 0.5106}",negative,0.2553,2025-08-01T09:36:15.302030,-0.5106,2025-08-01 06:26:23+02:00
"Eclairages, satellites Starlink... A l'occasion de la nuit des étoiles, astronomes et associations écologistes alertent sur la pollution lumineuse",L'Association française d'astronomie tire la sonnette d'alarme sur ce phénomène qui a de graves conséquences sur l'environnement et la santé humaine.,,https://www.franceinfo.fr/environnement/eclairages-satellites-starlink-a-l-occasion-de-la-nuit-des-etoiles-astronomes-et-associations-ecologistes-alertent-sur-la-pollution-lumineuse_7406383.html#xtor=RSS-3-[lestitres],"Fri, 01 Aug 2025 06:32:33 +0200",Franceinfo - Les Titres,"{'method': 'TextBlob', 'polarity': 0.0, 'subjectivity': 0.0, 'sentiment': 'neutral', 'confidence': 0.0}","{'method': 'VADER', 'compound': -0.296, 'positive': 0.0, 'negative': 0.053, 'neutral': 0.947, 'sentiment': 'negative', 'confidence': 0.296}",negative,0.148,2025-08-01T09:36:15.302030,-0.296,2025-08-01 06:32:33+02:00
"""La question qui m'horripile : 'Quel est votre compositeur préféré ?' C'est comme choisir ses enfants"" : le questionnaire de Proust de la pianiste Shani Diluka","Écrivains, musiciens, comédiens, couturiers, danseurs, cinéastes… Durant tout l'été, des artistes se livrent à ce jeu pour franceinfo Culture. Aujourd'hui, la pianiste et auteure Shani Diluka.",,https://www.franceinfo.fr/culture/musique/classique/la-question-qui-m-horripile-quel-est-votre-compositeur-prefere-c-est-comme-choisir-ses-enfants-le-questionnaire-de-proust-de-la-pianiste-shani-diluka_7370743.html#xtor=RSS-3-[lestitres],"Fri, 01 Aug 2025 06:05:02 +0200",Franceinfo - Les Titres,"{'method': 'TextBlob', 'polarity': 0.0, 'subjectivity': 0.0, 'sentiment': 'neutral', 'confidence': 0.0}","{'method': 'VADER', 'compound': -0.128, 'positive': 0.0, 'negative': 0.029, 'neutral': 0.971, 'sentiment': 'negative', 'confidence': 0.128}",negative,0.064,2025-08-01T09:36:15.303031,-0.128,2025-08-01 06:05:02+02:00
Mondiaux de natation : visualisez à quel point Léon Marchand repousse les limites par rapport à ses prédécesseurs avec son record sur 200 m 4 nages,"Il y a cinquante ans, les meilleurs nageurs mettaient 15 secondes de plus que le champion français sur la même épreuve.",,https://www.franceinfo.fr/sports/natation/leon-marchand/mondiaux-de-natation-visualisez-a-quel-point-leon-marchand-repousse-les-limites-par-rapport-a-ses-predecesseurs-avec-son-record-sur-200-m-4-nages_7409863.html#xtor=RSS-3-[lestitres],"Thu, 31 Jul 2025 17:07:16 +0200",Franceinfo - Les Titres,"{'method': 'TextBlob', 'polarity': 0.0, 'subjectivity': 0.0, 'sentiment': 'neutral', 'confidence': 0.0}","{'method': 'VADER', 'compound': 0.5994, 'positive': 0.078, 'negative': 0.0, 'neutral': 0.922, 'sentiment': 'positive', 'confidence': 0.5994}",positive,0.2997,2025-08-01T09:36:15.304030,0.5994,2025-07-31 17:07:16+02:00
"Entre gros sous et kung-fu, la chute du chef du temple Shaolin en Chine","Le moine supérieur du célèbre monastère a été arrêté et démis de ses fonctions, sur fond d'accusations de malversations financières. Installé au temple depuis l'adolescence, et à la tête de l'institution depuis 26 ans, il avait maintenu la renommée du temple et de sa communauté, en la transformant en un juteux business.",,https://www.franceinfo.fr/replay-radio/d-un-monde-a-l-autre/entre-gros-sous-et-kung-fu-la-chute-du-chef-du-temple-shaolin-en-chine_7369117.html#xtor=RSS-3-[lestitres],"Fri, 01 Aug 2025 08:49:13 +0200",Franceinfo - Les Titres,"{'method': 'TextBlob', 'polarity': 0.0, 'subjectivity': 0.0, 'sentiment': 'neutral', 'confidence': 0.0}","{'method': 'VADER', 'compound': 0.4404, 'positive': 0.043, 'negative': 0.0, 'neutral': 0.957, 'sentiment': 'positive', 'confidence': 0.4404}",positive,0.2202,2025-08-01T09:36:15.305031,0.4404,2025-08-01 08:49:13+02:00
Ménopause : les femmes françaises invitées à participer à une grande étude scientifique,"Les Françaises âgées d'au moins 30 ans sont invitées à participer à une grande étude sur la ménopause appelée ""Climatère"", qui va suivre 100 000 femmes pendant 10 ans.",,https://www.franceinfo.fr/replay-radio/le-billet-vert/menopause-les-femmes-francaises-invitees-a-participer-a-une-grande-etude-scientifique_7356522.html#xtor=RSS-3-[lestitres],"Fri, 01 Aug 2025 06:58:38 +0200",Franceinfo - Les Titres,"{'method': 'TextBlob', 'polarity': 0.0, 'subjectivity': 0.0, 'sentiment': 'neutral', 'confidence': 0.0}","{'method': 'VADER', 'compound': 0.0, 'positive': 0.0, 'negative': 0.0, 'neutral': 1.0, 'sentiment': 'neutral', 'confidence': 0.0}",neutral,0.0,2025-08-01T09:36:15.306031,0.0,2025-08-01 06:58:38+02:00
Pourquoi un Tour de France femmes de trois semaines n’est pas pour tout de suite,"Depuis sa création en 2022, l’épreuve est passée de huit à neuf jours de course. Les organisateurs répètent qu’ils ne veulent surtout pas aller trop vite.",,https://www.franceinfo.fr/tour-de-france/femmes/pourquoi-un-tour-de-france-femmes-de-trois-semaines-n-est-pas-pour-tout-de-suite_7409650.html#xtor=RSS-3-[lestitres],"Fri, 01 Aug 2025 06:00:01 +0200",Franceinfo - Les Titres,"{'method': 'TextBlob', 'polarity': 0.0, 'subjectivity': 0.0, 'sentiment': 'neutral', 'confidence': 0.0}","{'method': 'VADER', 'compound': -0.128, 'positive': 0.0, 'negative': 0.036, 'neutral': 0.964, 'sentiment': 'negative', 'confidence': 0.128}",negative,0.064,2025-08-01T09:36:15.306031,-0.128,2025-08-01 06:00:01+02:00
"Les pommes de terre modernes descendent de la tomate, révèle une étude","Les scientifiques ont découvert que le patrimoine génétique des pommes de terre modernes provenait de deux espèces ancestrales, dont la tomate.",,https://www.franceinfo.fr/sante/decouverte-scientifique/les-pommes-de-terre-modernes-descendent-de-la-tomate-revele-une-etude_7410487.html#xtor=RSS-3-[lestitres],"Thu, 31 Jul 2025 23:44:32 +0200",Franceinfo - Les Titres,"{'method': 'TextBlob', 'polarity': 0.0, 'subjectivity': 0.0, 'sentiment': 'neutral', 'confidence': 0.0}","{'method': 'VADER', 'compound': 0.0, 'positive': 0.0, 'negative': 0.0, 'neutral': 1.0, 'sentiment': 'neutral', 'confidence': 0.0}",neutral,0.0,2025-08-01T09:36:15.307032,0.0,2025-07-31 23:44:32+02:00
